{"employees":[{"employeeID":"1.0","employeeName":"John","department":"Development","city":"LA","designation":"Senior Developer"},{"employeeID":"2.0","employeeName":"Alex","department":"Sales","city":"NY","designation":"Senior Manager"},{"employeeID":"3.0","employeeName":"Bob","department":"Development","city":"LA","designation":"Developer"},{"employeeID":"4.0","employeeName":"Jenny","department":"Development","city":"LA","designation":"Developer"},{"employeeID":"5.0","employeeName":"Mery","department":"Development","city":"LA","designation":"Senior Developer"},{"employeeID":"6.0","employeeName":"Aron","department":"Development","city":"LA","designation":"Developer"},{"employeeID":"7.0","employeeName":"Kevin","department":"Testing","city":"LA","designation":"Senior Engineer"},{"employeeID":"8.0","employeeName":"Gabriel","department":"Development","city":"LA","designation":"Team Lead"},{"employeeID":"9.0","employeeName":"Ramsey","department":"Testing","city":"LA","designation":"Tester"},{"employeeID":"10.0","employeeName":"Paul","department":"Sales","city":"Austin","designation":"Sales Executive"},{"employeeID":"11.0","employeeName":"Tina","department":"Sales","city":"Green Bay","designation":"Sales Executive"},{"employeeID":"13.0","employeeName":"Sam","department":"Development","city":"LA","designation":"Developer"}]}