{
	 employees  : [ 
			{  
			 "id" : 	"Employee_Id" ,
			 "name" : 	"Employee_Name" ,
			"department" : 	"Department" ,
			"city": 	"City",
			"designation" : 	"Designation" ,
			},
			{  
			 "id" : 	"1.0" ,
			 "name" : 	"John" ,
			"department" : 	"Development" ,
			"city": 	"LA",
			"designation" : 	"Senior Developer" ,
			},
			{  
			 "id" : 	"2.0" ,
			 "name" : 	"Alex" ,
			"department" : 	"Sales" ,
			"city": 	"NY",
			"designation" : 	"Senior Manager" ,
			},
			{  
			 "id" : 	"3.0" ,
			 "name" : 	"Bob" ,
			"department" : 	"Development" ,
			"city": 	"LA",
			"designation" : 	"Developer" ,
			},
			{  
			 "id" : 	"4.0" ,
			 "name" : 	"Jenny" ,
			"department" : 	"Development" ,
			"city": 	"LA",
			"designation" : 	"Developer" ,
			},
			{  
			 "id" : 	"5.0" ,
			 "name" : 	"Mery" ,
			"department" : 	"Development" ,
			"city": 	"LA",
			"designation" : 	"Senior Developer" ,
			},
			{  
			 "id" : 	"6.0" ,
			 "name" : 	"Aron" ,
			"department" : 	"Development" ,
			"city": 	"LA",
			"designation" : 	"Developer" ,
			},
			{  
			 "id" : 	"7.0" ,
			 "name" : 	"Kevin" ,
			"department" : 	"Testing" ,
			"city": 	"LA",
			"designation" : 	"Senior Engineer" ,
			},
			{  
			 "id" : 	"8.0" ,
			 "name" : 	"Gabriel" ,
			"department" : 	"Development" ,
			"city": 	"LA",
			"designation" : 	"Team Lead" ,
			},
			{  
			 "id" : 	"9.0" ,
			 "name" : 	"Ramsey" ,
			"department" : 	"Testing" ,
			"city": 	"LA",
			"designation" : 	"Tester" ,
			},
			{  
			 "id" : 	"10.0" ,
			 "name" : 	"Paul" ,
			"department" : 	"Sales" ,
			"city": 	"Austin",
			"designation" : 	"Sales Executive" ,
			},
			{  
			 "id" : 	"11.0" ,
			 "name" : 	"Tina" ,
			"department" : 	"Sales" ,
			"city": 	"Green Bay",
			"designation" : 	"Sales Executive" ,
			},
			{  
			 "id" : 	"13.0" ,
			 "name" : 	"Sam" ,
			"department" : 	"Development" ,
			"city": 	"LA",
			"designation" : 	"Developer" ,
			},
		 	  }...  
	 			   ] 
}
